-- Adminer 4.7.1 MySQL dump

SET NAMES utf8;
SET time_zone = '+00:00';
SET foreign_key_checks = 0;
SET sql_mode = 'NO_AUTO_VALUE_ON_ZERO';

SET NAMES utf8mb4;

DROP TABLE IF EXISTS `accommodations`;
CREATE TABLE `accommodations` (
  `id` int(11) NOT NULL AUTO_INCREMENT,
  `room_id` int(11) DEFAULT NULL,
  `tenant_user_id` int(11) DEFAULT NULL,
  `place_number` tinyint(4) DEFAULT NULL,
  PRIMARY KEY (`id`),
  KEY `accommodations_room_id_foreign` (`room_id`),
  KEY `accommodations_tenant_user_id_foreign` (`tenant_user_id`),
  CONSTRAINT `accommodations_room_id_foreign` FOREIGN KEY (`room_id`) REFERENCES `rooms` (`id`) ON DELETE CASCADE
) ENGINE=InnoDB DEFAULT CHARSET=utf8mb4 COLLATE=utf8mb4_unicode_ci;

INSERT INTO `accommodations` (`id`, `room_id`, `tenant_user_id`, `place_number`) VALUES
(4,	75,	86,	2),
(10,	7,	138,	1),
(11,	8,	NULL,	1),
(12,	9,	295,	1),
(18,	13,	61,	1),
(19,	14,	NULL,	1),
(20,	15,	166,	1),
(21,	16,	157,	1),
(22,	17,	227,	1),
(23,	18,	58,	1),
(98,	75,	87,	1),
(100,	53,	222,	1),
(101,	54,	243,	2),
(102,	55,	126,	1),
(111,	86,	NULL,	1),
(113,	54,	148,	1),
(114,	58,	230,	1),
(115,	58,	148,	2),
(116,	58,	208,	3),
(117,	74,	NULL,	1),
(118,	87,	NULL,	1),
(121,	61,	NULL,	1),
(122,	62,	NULL,	1),
(123,	63,	NULL,	1),
(124,	64,	NULL,	1),
(128,	68,	NULL,	1),
(129,	69,	222,	1),
(130,	70,	208,	1),
(131,	71,	209,	1),
(133,	73,	64,	1),
(134,	91,	243,	1),
(135,	70,	209,	2),
(136,	70,	243,	3),
(137,	94,	208,	1),
(138,	95,	NULL,	1),
(139,	96,	NULL,	1),
(140,	96,	NULL,	2),
(141,	97,	207,	1),
(143,	15,	243,	2),
(144,	99,	208,	1),
(148,	103,	NULL,	1),
(152,	107,	NULL,	1),
(167,	113,	53,	1),
(168,	113,	NULL,	2),
(169,	113,	NULL,	3),
(170,	113,	NULL,	4),
(171,	113,	NULL,	5),
(172,	113,	NULL,	6),
(173,	113,	NULL,	7),
(174,	114,	NULL,	1),
(175,	115,	NULL,	1),
(176,	116,	NULL,	1),
(177,	116,	NULL,	2),
(178,	116,	NULL,	3),
(179,	116,	NULL,	4),
(180,	116,	NULL,	5),
(181,	116,	NULL,	6),
(183,	117,	NULL,	1),
(184,	118,	NULL,	1);

DROP TABLE IF EXISTS `accommodation_schedules`;
CREATE TABLE `accommodation_schedules` (
  `id` int(11) NOT NULL AUTO_INCREMENT,
  `room_id` int(11) DEFAULT NULL,
  `tenant_user_id` int(11) DEFAULT NULL,
  `date_from` datetime DEFAULT NULL,
  `date_to` datetime DEFAULT NULL,
  PRIMARY KEY (`id`),
  KEY `accommodation_schedules_tenant_user_id_foreign` (`tenant_user_id`),
  KEY `accommodation_schedules_room_id_foreign` (`room_id`),
  CONSTRAINT `accommodation_schedules_room_id_foreign` FOREIGN KEY (`room_id`) REFERENCES `rooms` (`id`) ON DELETE CASCADE ON UPDATE CASCADE
) ENGINE=InnoDB DEFAULT CHARSET=utf8mb4 COLLATE=utf8mb4_unicode_ci;

INSERT INTO `accommodation_schedules` (`id`, `room_id`, `tenant_user_id`, `date_from`, `date_to`) VALUES
(41,	18,	82,	'2020-05-04 00:00:00',	'2020-05-30 00:00:00'),
(42,	17,	83,	'2020-05-16 00:00:00',	'2020-05-29 00:00:00'),
(43,	17,	61,	'2020-05-30 00:00:00',	'2020-08-21 00:00:00'),
(45,	75,	86,	'2020-06-04 00:00:00',	NULL),
(46,	75,	87,	'2020-06-04 00:00:00',	NULL),
(50,	17,	93,	'2020-09-01 00:00:00',	'2021-05-31 00:00:00'),
(70,	7,	108,	'2020-11-09 00:00:00',	NULL),
(71,	7,	138,	'2020-11-09 00:00:00',	NULL),
(75,	16,	157,	'2020-12-21 00:00:00',	NULL),
(84,	73,	205,	'2022-08-03 10:02:00',	'2023-08-31 11:40:00'),
(88,	75,	2,	'2022-12-11 16:48:00',	'2023-01-20 09:20:00'),
(89,	61,	53,	'2021-08-25 10:22:00',	'2021-08-31 12:15:00'),
(91,	15,	2,	'2022-03-14 13:23:00',	'2022-09-30 15:05:00'),
(92,	55,	2,	'2022-06-27 13:27:00',	'2022-09-30 08:55:00'),
(93,	61,	2,	'2021-09-15 10:12:00',	'2021-09-30 12:00:00'),
(94,	88,	2,	'2021-08-29 10:17:00',	NULL),
(96,	83,	2,	'2021-08-29 10:33:00',	'2021-08-31 12:00:00'),
(97,	75,	2,	'2023-01-23 10:36:00',	'2023-01-25 12:00:00'),
(98,	88,	2,	'2021-08-28 10:42:00',	'2021-08-28 12:00:00'),
(108,	96,	2,	'2021-09-10 13:12:00',	'2021-09-30 12:00:00'),
(109,	96,	2,	'2021-11-24 13:03:00',	'2021-11-30 12:00:00'),
(111,	73,	224,	'2021-09-18 13:01:00',	'2021-09-30 12:00:00'),
(128,	53,	222,	'2021-10-04 09:43:00',	'2021-10-13 12:00:00'),
(131,	64,	230,	'2022-04-14 09:45:00',	'2022-05-31 12:00:00'),
(132,	15,	243,	'2021-10-06 18:53:00',	'2021-10-24 12:00:00'),
(139,	79,	293,	'2021-10-09 08:16:00',	'2022-10-31 12:00:00'),
(141,	58,	296,	'2021-10-14 16:02:00',	'2021-10-31 12:00:00'),
(143,	94,	208,	'2021-10-18 20:27:00',	NULL),
(145,	68,	108,	'2021-10-19 21:18:00',	NULL),
(147,	114,	295,	'2021-10-18 21:22:00',	'2021-10-20 12:00:00'),
(149,	83,	297,	'2021-10-18 21:25:00',	NULL),
(150,	84,	228,	'2021-10-18 21:27:00',	NULL),
(151,	93,	243,	'2021-10-18 21:27:00',	'2021-10-19 12:00:00'),
(152,	83,	208,	'2023-10-19 21:29:00',	'2024-02-16 12:00:00'),
(153,	79,	243,	'2022-11-01 21:30:00',	'2023-02-16 12:00:00'),
(154,	91,	243,	'2021-10-21 21:32:00',	NULL),
(155,	70,	243,	'2021-10-18 21:33:00',	NULL),
(156,	54,	243,	'2021-10-20 21:34:00',	NULL),
(157,	18,	222,	'2022-09-16 21:35:00',	NULL),
(158,	73,	64,	'2021-10-29 17:57:00',	'2021-11-21 12:00:00');

DROP TABLE IF EXISTS `estates`;
CREATE TABLE `estates` (
  `id` int(11) NOT NULL AUTO_INCREMENT,
  `street` varchar(255) COLLATE utf8mb4_unicode_ci NOT NULL DEFAULT '',
  `building_number` varchar(16) COLLATE utf8mb4_unicode_ci DEFAULT NULL,
  `city` varchar(32) COLLATE utf8mb4_unicode_ci NOT NULL DEFAULT '',
  `zip` varchar(10) COLLATE utf8mb4_unicode_ci NOT NULL DEFAULT '',
  PRIMARY KEY (`id`)
) ENGINE=InnoDB DEFAULT CHARSET=utf8mb4 COLLATE=utf8mb4_unicode_ci;

INSERT INTO `estates` (`id`, `street`, `building_number`, `city`, `zip`) VALUES
(1,	'Kwitnącej wiśni',	'3',	'Kraków',	'31-223'),
(3,	'Jabłonna',	'23',	'Kraków',	'31-060'),
(8,	'Grzybowska',	'12',	'Kraków',	'00-001'),
(34,	'Testowa',	'3',	'Łódź',	'31-060'),
(56,	'Herbaciana',	'43',	'Kraków',	'81-718'),
(57,	'Kwiatowa',	'23',	'Kraków',	'31-223'),
(65,	'os. Osiedle Centrum A',	'1',	'Kraków',	'31-923'),
(66,	'Poziomkowa',	'23',	'Kraków',	'45-573'),
(67,	'Wymarzone',	'13',	'Kraków',	'31-123'),
(68,	'Wygodne',	'7',	'Kraków',	'21-123'),
(69,	'Os. Wygodne',	'13',	'Kraków',	'31-234'),
(70,	'Wygodne',	'7',	'Kraków',	'31-123'),
(72,	'Wygodne',	'7',	'Kraków',	'31-123'),
(76,	'Krótka',	'34',	'Kraków',	'23-232'),
(78,	'Krótka',	'34',	'Kraków',	'33-333'),
(79,	'Krakowska',	'10',	'Kraków',	'12-345'),
(138,	'Józefa Szujskiego TEST',	'3A',	'Kraków',	'31-123'),
(143,	'os. Osiedle Teatralne',	'5',	'Kraków',	'31-945');

DROP TABLE IF EXISTS `rooms`;
CREATE TABLE `rooms` (
  `id` int(11) NOT NULL AUTO_INCREMENT,
  `estate_id` int(11) NOT NULL,
  `name` varchar(255) COLLATE utf8mb4_unicode_ci NOT NULL,
  `max_tenants` tinyint(1) NOT NULL DEFAULT '1',
  PRIMARY KEY (`id`),
  KEY `rooms_estate_id_foreign` (`estate_id`),
  CONSTRAINT `rooms_estate_id_foreign` FOREIGN KEY (`estate_id`) REFERENCES `estates` (`id`) ON DELETE CASCADE ON UPDATE CASCADE
) ENGINE=InnoDB DEFAULT CHARSET=utf8mb4 COLLATE=utf8mb4_unicode_ci;

INSERT INTO `rooms` (`id`, `estate_id`, `name`, `max_tenants`) VALUES
(7,	8,	'Pokój nr 1',	1),
(8,	8,	'Pokój nr 2',	1),
(9,	8,	'Pokój nr 3',	1),
(13,	8,	'Pokój nr 4',	1),
(14,	8,	'Pokój nr 5',	1),
(15,	8,	'Pokój nr 6',	2),
(16,	8,	'Pokój nr 7',	1),
(17,	34,	'Pokój nr 1',	1),
(18,	34,	'Pokój nr 2',	1),
(53,	56,	'Pokój Pomarańcza',	1),
(54,	56,	'Pokój Kiwi',	2),
(55,	56,	'Banan',	1),
(58,	56,	'Pokój Arbuz',	3),
(61,	67,	'miejsce parkingowe',	1),
(62,	67,	'Mikrokawalerka nr 1',	1),
(63,	68,	'Pokój nr 1',	1),
(64,	69,	'Pokój nr 1',	1),
(68,	69,	'komórka lokatorska',	1),
(69,	69,	'Mikrokawalerka nr 1',	1),
(70,	70,	'Komórka lokatorska',	3),
(71,	70,	'Pokój nr 1',	1),
(73,	70,	'Mikrokawalerka nr 1',	1),
(74,	1,	'Barcelona',	1),
(75,	3,	'Pokój ciemny',	2),
(79,	34,	'Cała nieruchomość',	1),
(83,	56,	'Cała nieruchomość',	1),
(84,	57,	'Cała nieruchomość',	1),
(86,	65,	'Cała nieruchomość',	1),
(87,	66,	'Cała nieruchomość',	1),
(88,	67,	'Cała nieruchomość',	1),
(89,	68,	'Cała nieruchomość',	1),
(90,	69,	'Cała nieruchomość',	1),
(91,	70,	'Cała nieruchomość',	1),
(93,	72,	'Cała nieruchomość',	1),
(94,	56,	'Pokój Malina',	1),
(95,	66,	'Madryt',	1),
(96,	67,	'Test',	2),
(97,	3,	'Pokój słoneczny',	1),
(99,	76,	'Pokój 1',	1),
(103,	3,	'12',	1),
(107,	3,	'325',	1),
(113,	8,	'Pokój 500',	7),
(114,	72,	'325',	1),
(115,	72,	'12323',	1),
(116,	56,	'p. 300',	6),
(117,	1,	'Madryt',	1),
(118,	143,	'Madryt',	1);

-- 2021-11-05 11:00:28
